{
  "version": 2,
  "build_time": "2026-02-23T23:39:55.717334",
  "game_path": "C:\\Program Files (x86)\\Steam\\steamapps\\common\\No Man's Sky",
  "pak_timestamp": 1771768195.254109,
  "entry_count": 711,
  "mappings": {
    "RARITY_HIGH1": "Abundant",
    "RARITY_HIGH2": "High",
    "RARITY_HIGH3": "Ample",
    "RARITY_HIGH4": "Frequent",
    "RARITY_HIGH5": "Full",
    "RARITY_HIGH6": "Generous",
    "RARITY_MID1": "Average",
    "RARITY_MID2": "Regular",
    "RARITY_MID3": "Common",
    "RARITY_MID4": "Typical",
    "RARITY_MID5": "Ordinary",
    "RARITY_MID6": "Occasional",
    "RARITY_LOW1": "Low",
    "RARITY_LOW2": "Scarce",
    "RARITY_LOW3": "Infrequent",
    "RARITY_LOW4": "Rare",
    "RARITY_LOW5": "Limited",
    "RARITY_LOW6": "Sporadic",
    "RARITY_NONE1": "None",
    "RARITY_NONE2": "Deficient",
    "RARITY_NONE3": "Undetected",
    "RARITY_NONE4": "Lacking",
    "RARITY_NONE5": "Absent",
    "RARITY_NONE6": "Nonexistent",
    "RARITY_WEIRD1": "Unusual",
    "RARITY_WEIRD2": "Lost",
    "RARITY_WEIRD3": "Displaced",
    "RARITY_WEIRD4": "From Elsewhere",
    "RARITY_WEIRD5": "Uprooted",
    "RARITY_WEIRD6": "Misplaced",
    "RARITY_WEIRD7": "Forfeited",
    "RARITY_WEIRD8": "Between Worlds",
    "RARITY_INFESTED1": "Infected",
    "RARITY_INFESTED2": "Diseased",
    "RARITY_INFESTED3": "Twisted",
    "RARITY_INFESTED4": "Screaming",
    "RARITY_INFESTED5": "Viral",
    "RARITY_INFESTED6": "Invasive",
    "RARITY_HIGH7": "Bountiful",
    "RARITY_HIGH8": "Copious",
    "RARITY_HIGH9": "Rich",
    "RARITY_HIGH10": "Abundant",
    "RARITY_MID7": "Numerous",
    "RARITY_MID8": "Moderate",
    "RARITY_MID9": "Fair",
    "RARITY_MID10": "Medium",
    "RARITY_LOW7": "Intermittent",
    "RARITY_LOW8": "Uncommon",
    "RARITY_LOW9": "Few",
    "RARITY_LOW10": "Sparse",
    "RARITY_NONE7": "Empty",
    "RARITY_NONE8": "Not Present",
    "RARITY_NONE9": "Devoid",
    "RARITY_NONE10": "Barren",
    "SENTINEL_POLICE_INCOMING": "WARNING - SENTINEL INTERCEPTORS INCOMING",
    "SENTINEL_POLICE_ALERTED": "Sentinel Starships Incoming",
    "SENTINEL_POLICE_ARRIVING": "Sentinel Starships in Combat Range",
    "SENTINEL_STAT_00": "UNTROUBLED",
    "SENTINEL_STAT_00_L": "Untroubled",
    "SENTINEL_STAT_TITLE": "Sentinels Destroyed",
    "SENTINEL_STAT_01": "NOVICE",
    "SENTINEL_STAT_02": "TARGETED ANOMALY",
    "SENTINEL_STAT_03": "HARDENED",
    "SENTINEL_STAT_04": "RADICAL",
    "SENTINEL_STAT_05": "CALLED BY FIRE",
    "SENTINEL_STAT_06": "UNDYING",
    "SENTINEL_STAT_07": "CHAMPION",
    "SENTINEL_STAT_08": "CRUSADER",
    "SENTINEL_STAT_09": "CLEANSER OF WORLDS",
    "SENTINEL_STAT_10": "DESTROYER OF GLASS",
    "SENTINEL_STAT_01_L": "Novice",
    "SENTINEL_STAT_02_L": "Targeted Anomaly",
    "SENTINEL_STAT_03_L": "Hardened",
    "SENTINEL_STAT_04_L": "Radical",
    "SENTINEL_STAT_05_L": "Called by Fire",
    "SENTINEL_STAT_06_L": "Undying",
    "SENTINEL_STAT_07_L": "Champion",
    "SENTINEL_STAT_08_L": "Crusader",
    "SENTINEL_STAT_09_L": "Cleanser of Worlds",
    "SENTINEL_STAT_10_L": "Destroyer of Glass",
    "SENTINEL_STAT_LVL_MSG": "Destroyed %STAT% Sentinels",
    "SENTINEL_STAT_LVL_ONE": "Destroyed %STAT% Sentinel",
    "SENTINEL_LOW1": "Passive",
    "SENTINEL_LOW2": "Low",
    "SENTINEL_LOW3": "Minimal",
    "SENTINEL_LOW4": "Average",
    "SENTINEL_LOW5": "Standard",
    "SENTINEL_LOW6": "Low Security",
    "SENTINEL_LOW7": "Regular",
    "SENTINEL_LOW8": "Relaxed",
    "SENTINEL_LOW9": "Typical",
    "SENTINEL_LOW10": "Limited",
    "SENTINEL_HIGH1": "Aggressive",
    "SENTINEL_HIGH2": "Frenzied",
    "SENTINEL_HIGH3": "High Security",
    "SENTINEL_HIGH4": "Hostile",
    "SENTINEL_HIGH5": "Threatening",
    "WEATHER_WARN": "WEATHER WARNING: INCOMING STORM",
    "WEATHER_WARN_LUSH": "WEATHER WARNING: SUPERHEATED RAINSTORM APPROACHING",
    "WEATHER_WARN_HOT": "WEATHER WARNING: INCOMING FIRESTORM DETECTED",
    "WEATHER_WARN_COLD": "WEATHER WARNING: INCOMING BLIZZARD DETECTED",
    "WEATHER_WARN_TOXIC": "WEATHER WARNING: TOXIC RAINSTORM APPROACHING",
    "WEATHER_WARN_RADIO": "WEATHER WARNING: RADIOACTIVE SUPERCELL APPROACHING",
    "WEATHER_OVER": "WEATHER UPDATE: STORM CLEARING",
    "WEATHER_L": "Weather",
    "SENTINEL_STATE_HEADER": "Status",
    "SENTINEL_MISSION_HEADER": "Function",
    "SENTINEL_ROUTINE_HEADER": "Current Subroutine",
    "SENTINEL_DIRECTIVE_HEADER": "Directive",
    "SENTINEL_STATE_INVESTIGATE_1": "Investigating...",
    "SENTINEL_STATE_INVESTIGATE_2": "Searching...",
    "SENTINEL_STATE_INVESTIGATE_3": "Inspecting...",
    "SENTINEL_STATE_INVESTIGATE_4": "Scanning...",
    "SENTINEL_STATE_INVESTIGATE_5": "Auditing...",
    "SENTINEL_STATE_INVESTIGATE_6": "Probing...",
    "SENTINEL_STATE_INVESTIGATE_7": "Reviewing...",
    "SENTINEL_STATE_INVESTIGATE_8": "Analysing...",
    "SENTINEL_STATE_INVESTIGATE_9": "Studying...",
    "SENTINEL_STATE_INVESTIGATE_10": "Anomaly Detected...",
    "SENTINEL_STATE_INVESTIGATE_11": "Detecting Breach...",
    "SENTINEL_STATE_INVESTIGATE_12": "Oversight Initiated...",
    "SENTINEL_STATE_INVESTIGATE_13": "Observing...",
    "SENTINEL_STATE_INVESTIGATE_14": "Irregularity Detected...",
    "SENTINEL_STATE_INVESTIGATE_15": "Analysis Required...",
    "SENTINEL_STATE_INVESTIGATE_16": "Sensors Deployed...",
    "SENTINEL_STATE_PATROL_1": "Patrolling...",
    "SENTINEL_STATE_PATROL_2": "Uploading Report...",
    "SENTINEL_STATE_PATROL_3": "Cruising...",
    "SENTINEL_STATE_PATROL_4": "Watchful...",
    "SENTINEL_STATE_PATROL_5": "Registering Activity...",
    "SENTINEL_STATE_PATROL_6": "Sensors Ready...",
    "SENTINEL_STATE_PATROL_7": "Patrolling...",
    "SENTINEL_STATE_PATROL_8": "Patrolling...",
    "SENTINEL_STATE_PATROL_9": "Patrolling...",
    "SENTINEL_STATE_PATROL_10": "Low Power Mode",
    "SENTINEL_STATE_PATROL_11": "Recharging",
    "SENTINEL_STATE_PATROL_12": "Reconnecting...",
    "SENTINEL_STATE_PATROL_13": "Processing...",
    "SENTINEL_STATE_PATROL_14": "Optimising...",
    "SENTINEL_STATE_PATROL_15": "Awaiting Orders...",
    "SENTINEL_STATE_ALERT_1": "High Alert",
    "SENTINEL_STATE_ALERT_2": "Combat",
    "SENTINEL_STATE_ALERT_3": "Requesting Assistance",
    "SENTINEL_STATE_ALERT_4": "Engaging",
    "SENTINEL_STATE_ALERT_5": "Targeting",
    "SENTINEL_STATE_ALERT_6": "Target Acquired",
    "SENTINEL_STATE_ALERT_7": "Repairing Breach",
    "SENTINEL_STATE_ALERT_8": "Repairing Anomaly",
    "SENTINEL_STATE_ALERT_9": "Cleansing Anomaly",
    "SENTINEL_STATE_ALERT_10": "BREACHED",
    "SENTINEL_STATE_ALERT_11": "Combat",
    "SENTINEL_STATE_ALERT_12": "Weapons Deployed",
    "SENTINEL_STATE_ALERT_13": "Targeting",
    "SENTINEL_STATE_ALERT_14": "Combat",
    "SENTINEL_STATE_ALERT_15": "High Alert",
    "SENTINEL_MISSION_GUARD_1": "Guard Duty",
    "SENTINEL_MISSION_GUARD_2": "Security",
    "SENTINEL_MISSION_GUARD_3": "Local Defence",
    "SENTINEL_MISSION_GUARD_4": "Active Defence",
    "SENTINEL_MISSION_GUARD_5": "Escort",
    "SENTINEL_MISSION_GUARD_6": "Localised Suppression",
    "SENTINEL_MISSION_GUARD_7": "Sentry",
    "SENTINEL_MISSION_GUARD_8": "Active Protection",
    "SENTINEL_MISSION_GUARD_9": "Guardian",
    "SENTINEL_MISSION_GUARD_10": "Active Oversight",
    "SENTINEL_MISSION_GUARD_11": "Local Overwatch",
    "SENTINEL_MISSION_GUARD_12": "Active Protection",
    "SENTINEL_MISSION_GUARD_13": "Area Defence",
    "SENTINEL_MISSION_GUARD_14": "Specific Patrol",
    "SENTINEL_MISSION_GUARD_15": "Anomaly Buffer",
    "SENTINEL_MISSION_PATROL_1": "Ambient Protection",
    "SENTINEL_MISSION_PATROL_2": "Active Patrol",
    "SENTINEL_MISSION_PATROL_3": "Anomaly Suppression",
    "SENTINEL_MISSION_PATROL_4": "Intelligence Suppression",
    "SENTINEL_MISSION_PATROL_5": "Field Scout",
    "SENTINEL_MISSION_PATROL_6": "Anomaly Hunt",
    "SENTINEL_MISSION_PATROL_7": "Area Suppression",
    "SENTINEL_MISSION_PATROL_8": "Boundary Protection",
    "SENTINEL_MISSION_PATROL_9": "Boundary Enforcement",
    "SENTINEL_MISSION_PATROL_10": "Breach Detection",
    "SENTINEL_MISSION_PATROL_11": "Anomaly Ward",
    "SENTINEL_MISSION_PATROL_12": "Passive Enforcement",
    "SENTINEL_MISSION_PATROL_13": "Oversight Patrol",
    "SENTINEL_MISSION_PATROL_14": "Ambient Protection",
    "SENTINEL_MISSION_PATROL_15": "Mobile Aegis",
    "SENTINEL_MISSION_SUPPORT_1": "Support Unit",
    "SENTINEL_MISSION_SUPPORT_2": "Rapid Response",
    "SENTINEL_MISSION_SUPPORT_3": "Active Suppression",
    "SENTINEL_MISSION_SUPPORT_4": "Anomaly Destruction",
    "SENTINEL_MISSION_SUPPORT_5": "Combat Support",
    "SENTINEL_MISSION_SUPPORT_6": "Breach Repair",
    "SENTINEL_MISSION_SUPPORT_7": "Anomaly Repair",
    "SENTINEL_MISSION_SUPPORT_8": "De-escalation",
    "SENTINEL_MISSION_SUPPORT_9": "Counter Attack",
    "SENTINEL_MISSION_SUPPORT_10": "Advanced Combat",
    "SENTINEL_MISSION_SUPPORT_11": "Retaliation",
    "SENTINEL_MISSION_SUPPORT_12": "Rapid Suppression",
    "SENTINEL_MISSION_SUPPORT_13": "Retribution",
    "SENTINEL_MISSION_SUPPORT_14": "Anomaly Neutralisation",
    "SENTINEL_MISSION_SUPPORT_15": "Sentience Destruction",
    "SENTINEL_ROUTINE_INVESTIGATE_1": "[ Lifeform Search ]",
    "SENTINEL_ROUTINE_INVESTIGATE_2": "[ Anomaly Detection ]",
    "SENTINEL_ROUTINE_INVESTIGATE_3": "[ Event Processing ]",
    "SENTINEL_ROUTINE_INVESTIGATE_4": "[ Trend Analysis ]",
    "SENTINEL_ROUTINE_INVESTIGATE_5": "[ Boundary Test ]",
    "SENTINEL_ROUTINE_INVESTIGATE_6": "[ Waveform Analysis ]",
    "SENTINEL_ROUTINE_INVESTIGATE_7": "[ Preparing Alarm ]",
    "SENTINEL_ROUTINE_INVESTIGATE_8": "[ Depth Testing ]",
    "SENTINEL_ROUTINE_INVESTIGATE_9": "[ Temporal Analysis ]",
    "SENTINEL_ROUTINE_INVESTIGATE_10": "[ Boundary Reinforcement ]",
    "SENTINEL_ROUTINE_INVESTIGATE_11": "[ Safeguard Deployment ]",
    "SENTINEL_ROUTINE_INVESTIGATE_12": "[ Ocular Testing ]",
    "SENTINEL_ROUTINE_INVESTIGATE_13": "[ Low Frequency Ping ]",
    "SENTINEL_ROUTINE_INVESTIGATE_14": "[ Probability Sort ]",
    "SENTINEL_ROUTINE_INVESTIGATE_15": "[ Data Siphon ]",
    "SENTINEL_ROUTINE_PATROL_1": "[ Patrol ]",
    "SENTINEL_ROUTINE_PATROL_2": "[ Idle ]",
    "SENTINEL_ROUTINE_PATROL_3": "[ Route Optimisation ]",
    "SENTINEL_ROUTINE_PATROL_4": "[ Path Optimisation ]",
    "SENTINEL_ROUTINE_PATROL_5": "[ Kinetic Recovery ]",
    "SENTINEL_ROUTINE_PATROL_6": "[ Self-Analysis ]",
    "SENTINEL_ROUTINE_PATROL_7": "[ Background Diagnostics ]",
    "SENTINEL_ROUTINE_PATROL_8": "[ Fuel Cell Cleaning ]",
    "SENTINEL_ROUTINE_PATROL_9": "[ Defragmenting ]",
    "SENTINEL_ROUTINE_PATROL_10": "[ Long-Distance Scanner ]",
    "SENTINEL_ROUTINE_PATROL_11": "[ Short-Range Scanner ]",
    "SENTINEL_ROUTINE_PATROL_12": "[ Portal Detection ]",
    "SENTINEL_ROUTINE_PATROL_13": "[ Patrol Iteration ]",
    "SENTINEL_ROUTINE_PATROL_14": "[ Distributed Analysis ]",
    "SENTINEL_ROUTINE_PATROL_15": "[ ... /// .. /// ... /// ... ]",
    "SENTINEL_ROUTINE_ALERT_1": "[ Weapon Deployment ]",
    "SENTINEL_ROUTINE_ALERT_2": "[ Active Pursuit ]",
    "SENTINEL_ROUTINE_ALERT_3": "[ Signalling Reinforcements ]",
    "SENTINEL_ROUTINE_ALERT_4": "[ Preemptive Destruction ]",
    "SENTINEL_ROUTINE_ALERT_5": "[ Target Prediction ]",
    "SENTINEL_ROUTINE_ALERT_6": "[ Ammo Fabrication ]",
    "SENTINEL_ROUTINE_ALERT_7": "[ Field Suppression ]",
    "SENTINEL_ROUTINE_ALERT_8": "[ Trend Analysis ]",
    "SENTINEL_ROUTINE_ALERT_9": "[ Seal Breach ]",
    "SENTINEL_ROUTINE_ALERT_10": "[ Anomaly Repair ]",
    "SENTINEL_ROUTINE_ALERT_11": "[ RED RED RED ]",
    "SENTINEL_ROUTINE_ALERT_12": "[ A T L A S ]",
    "SENTINEL_ROUTINE_ALERT_13": "[ Firing Eye ]",
    "SENTINEL_ROUTINE_ALERT_14": "[ Hardpoint Repair ]",
    "SENTINEL_ROUTINE_ALERT_15": "[ Hunting ]",
    "SENTINEL_DIRECTIVE_1": "Civilisation Destruction",
    "SENTINEL_DIRECTIVE_2": "Suppress Sentience",
    "SENTINEL_DIRECTIVE_3": "Locate Beauty",
    "SENTINEL_DIRECTIVE_4": "Portal Deletion",
    "SENTINEL_DIRECTIVE_5": "Lifeform Immobilisation",
    "SENTINEL_DIRECTIVE_6": "Civilisation Delay",
    "SENTINEL_DIRECTIVE_7": "Sow Division",
    "SENTINEL_DIRECTIVE_8": "Harvest Data",
    "SENTINEL_DIRECTIVE_9": "Observe All",
    "SENTINEL_DIRECTIVE_10": "Replicate Sentinels",
    "SENTINEL_DIRECTIVE_11": "Sanitisation",
    "SENTINEL_DIRECTIVE_12": "Spread Decay",
    "SENTINEL_DIRECTIVE_13": "Reinforce Boundaries",
    "SENTINEL_DIRECTIVE_14": "Traveller Detection",
    "SENTINEL_DIRECTIVE_15": "Sow Discord",
    "SENTINEL_DIRECTIVE_16": "Prevent Sentience",
    "SENTINEL_DIRECTIVE_17": "Predator Suppression",
    "SENTINEL_DIRECTIVE_18": "Herbivore Protection",
    "SENTINEL_DIRECTIVE_19": "Mineral Protection",
    "SENTINEL_DIRECTIVE_20": "Botanical Protection",
    "SENTINEL_DIRECTIVE_21": "Specimen Collection",
    "SENTINEL_DIRECTIVE_22": "Specimen Preservation",
    "SENTINEL_DIRECTIVE_23": "Data Harvest",
    "SENTINEL_DIRECTIVE_24": "Surveillance",
    "SENTINEL_DIRECTIVE_25": "Lifeform Supervision",
    "SENTINEL_DIRECTIVE_26": "Sentience Degradation",
    "SENTINEL_DIRECTIVE_27": "Delta Wave Detection",
    "SENTINEL_DIRECTIVE_28": "Memory Protection",
    "SENTINEL_DIRECTIVE_29": "Encryption Block",
    "SENTINEL_DIRECTIVE_30": "Load Balancing",
    "SENTINEL_DIRECTIVE_31": "Null Checker",
    "SENTINEL_DIRECTIVE_32": "Innocence Preservation",
    "SENTINEL_DIRECTIVE_33": "Universal Detranslation",
    "SENTINEL_DIRECTIVE_34": "Digital Cartography",
    "SENTINEL_DIRECTIVE_35": "Leyline Mapping",
    "SENTINEL_DIRECTIVE_36": "Calculate Probabilities",
    "SENTINEL_DIRECTIVE_37": "Sacrifice to Atlas",
    "SENTINEL_DIRECTIVE_38": "Authenticate Threats",
    "SENTINEL_DIRECTIVE_39": "Anomaly Spoofing",
    "SENTINEL_DIRECTIVE_40": "Data Interception",
    "SENTINEL_DRONE_NAME": "Sentinel Drone",
    "SENTINEL_QUAD_NAME": "Sentinel Quad",
    "SENTINEL_WALKER_NAME": "Sentinel Walker",
    "WEATHER_HEAT1": "Infrequent Heat Storms",
    "WEATHER_HEAT2": "Rare Firestorms",
    "WEATHER_HEAT3": "Superheated Gas Pockets",
    "WEATHER_HEAT4": "Wandering Hot Spots",
    "WEATHER_HEAT5": "Atmospheric Heat Instabilities",
    "WEATHER_HEAT6": "Direct Sunlight",
    "WEATHER_HEAT7": "Heated Atmosphere",
    "WEATHER_HEAT8": "Occasional Ash Storms",
    "WEATHER_HEAT9": "Dangerously Hot",
    "WEATHER_HEAT10": "Burning Air",
    "WEATHER_HEAT_CLEAR1": "Parched",
    "WEATHER_HEAT_CLEAR2": "Overly Warm",
    "WEATHER_HEAT_CLEAR3": "Sunny",
    "WEATHER_HEAT_CLEAR4": "Dehydrated",
    "WEATHER_HEAT_CLEAR5": "Unending Sunlight",
    "WEATHER_HEAT_CLEAR6": "Direct Sunlight",
    "WEATHER_HEAT_CLEAR7": "Heated Atmosphere",
    "WEATHER_HEAT_CLEAR8": "Sweltering",
    "WEATHER_HEATEXTREME1": "Extreme Heat",
    "WEATHER_HEATEXTREME2": "Burning Gas Clouds",
    "WEATHER_HEATEXTREME3": "Intense Heat",
    "WEATHER_HEATEXTREME4": "Superheated Air",
    "WEATHER_HEATEXTREME5": "Scalding Heat",
    "WEATHER_HEATEXTREME6": "Inferno Winds",
    "WEATHER_HEATEXTREME7": "Firestorms",
    "WEATHER_HEATEXTREME8": "Combustible Dust",
    "WEATHER_HEATEXTREME9": "Incendiary Dust",
    "WEATHER_HEATEXTREME10": "Self-Igniting Storms",
    "WEATHER_COLDEXTREME1": "Howling Blizzards",
    "WEATHER_COLDEXTREME2": "Intense Cold",
    "WEATHER_COLDEXTREME3": "Icy Tempests",
    "WEATHER_COLDEXTREME4": "Supercooled Storms",
    "WEATHER_COLDEXTREME5": "Raging Snowstorms",
    "WEATHER_COLDEXTREME6": "Ice Storms",
    "WEATHER_COLDEXTREME7": "Deep Freeze",
    "WEATHER_COLDEXTREME8": "Roaring Ice Storms",
    "WEATHER_COLDEXTREME9": "Frequent Blizzards",
    "WEATHER_COLDEXTREME10": "Hazardous Whiteouts",
    "WEATHER_COLD1": "Frozen Clouds",
    "WEATHER_COLD2": "Occasional Snowfall",
    "WEATHER_COLD3": "Infrequent Blizzards",
    "WEATHER_COLD4": "Outbreaks of Frozen Rain",
    "WEATHER_COLD5": "Harsh, Icy Winds",
    "WEATHER_COLD6": "Drifting Snowstorms",
    "WEATHER_COLD7": "Ice Storms",
    "WEATHER_COLD8": "Migratory Blizzards",
    "WEATHER_COLD9": "Icy Blasts",
    "WEATHER_COLD10": "Wandering Frosts",
    "WEATHER_COLD_CLEAR1": "Powder Snow",
    "WEATHER_COLD_CLEAR2": "Wintry",
    "WEATHER_COLD_CLEAR3": "Snowy",
    "WEATHER_COLD_CLEAR4": "Icy",
    "WEATHER_COLD_CLEAR5": "Crisp",
    "WEATHER_COLD_CLEAR6": "Frost",
    "WEATHER_COLD_CLEAR7": "Freezing",
    "WEATHER_COLD_CLEAR8": "Permafrost",
    "WEATHER_TOXICEXTREME1": "Frequent Toxic Floods",
    "WEATHER_TOXICEXTREME2": "Toxic Superstorms",
    "WEATHER_TOXICEXTREME3": "Acidic Deluges",
    "WEATHER_TOXICEXTREME4": "Corrosive Cyclones",
    "WEATHER_TOXICEXTREME5": "Caustic Floods",
    "WEATHER_TOXICEXTREME6": "Corrosive Storms",
    "WEATHER_TOXICEXTREME7": "Torrential Acid",
    "WEATHER_TOXICEXTREME8": "Noxious Gas Storms",
    "WEATHER_TOXICEXTREME9": "Toxic Monsoons",
    "WEATHER_TOXICEXTREME10": "Bone-Stripping Acid Storms",
    "WEATHER_TOXICEXTREME11": "Corrosive Rainstorms",
    "WEATHER_TOXICEXTREME12": "Pouring Toxic Rain",
    "WEATHER_TOXIC1": "Occasional Acid Storms",
    "WEATHER_TOXIC2": "Atmospheric Corruption",
    "WEATHER_TOXIC3": "Poison Flurries",
    "WEATHER_TOXIC4": "Toxic Outbreaks",
    "WEATHER_TOXIC5": "Acidic Dust Pockets",
    "WEATHER_TOXIC6": "Passing Toxic Fronts",
    "WEATHER_TOXIC7": "Caustic Winds",
    "WEATHER_TOXIC8": "Alkaline Cloudbursts",
    "WEATHER_TOXIC9": "Dangerously Toxic Rain",
    "WEATHER_TOXIC10": "Corrosive Sleet Storms",
    "WEATHER_TOXIC11": "Lethal Atmosphere",
    "WEATHER_TOXIC12": "Infrequent Toxic Drizzle",
    "WEATHER_TOXIC_CLEAR1": "Acid Rain",
    "WEATHER_TOXIC_CLEAR2": "Toxic Clouds",
    "WEATHER_TOXIC_CLEAR3": "Poison Rain",
    "WEATHER_TOXIC_CLEAR4": "Choking Clouds",
    "WEATHER_TOXIC_CLEAR5": "Caustic Moisture",
    "WEATHER_TOXIC_CLEAR6": "Poisonous Gas",
    "WEATHER_TOXIC_CLEAR7": "Stinging Atmosphere",
    "WEATHER_TOXIC_CLEAR8": "Toxic Damp",
    "WEATHER_TOXIC_CLEAR9": "Corrosive Damp",
    "WEATHER_TOXIC_CLEAR10": "Stinging Puddles",
    "WEATHER_RADIOEXTREME1": "Extreme Radioactivity",
    "WEATHER_RADIOEXTREME2": "Irradiated Thunderstorms",
    "WEATHER_RADIOEXTREME3": "Planet-Wide Radiation Storms",
    "WEATHER_RADIOEXTREME4": "Extreme Atmospheric Decay",
    "WEATHER_RADIOEXTREME5": "Roaring Nuclear Wind",
    "WEATHER_RADIOEXTREME6": "Gamma Cyclones",
    "WEATHER_RADIOEXTREME7": "Contaminated Squalls",
    "WEATHER_RADIOEXTREME8": "Extreme Thermonuclear Fog",
    "WEATHER_RADIOEXTREME9": "Frequent Particle Eruptions",
    "WEATHER_RADIOEXTREME10": "Enormous Nuclear Storms",
    "WEATHER_RADIO1": "Particulate Winds",
    "WEATHER_RADIO2": "Energetic Storms",
    "WEATHER_RADIO3": "Irradiated Downpours",
    "WEATHER_RADIO4": "Radioactive Dust Storms",
    "WEATHER_RADIO5": "Volatile Windstorms",
    "WEATHER_RADIO6": "Occasional Radiation Outbursts",
    "WEATHER_RADIO7": "Irradiated Storms",
    "WEATHER_RADIO8": "Unstable Fog",
    "WEATHER_RADIO9": "Reactive Rain",
    "WEATHER_RADIO10": "Radioactive Dust Storms",
    "WEATHER_RADIO_CLEAR1": "Radioactive Humidity",
    "WEATHER_RADIO_CLEAR2": "Radioactive Damp",
    "WEATHER_RADIO_CLEAR3": "Irradiated Winds",
    "WEATHER_RADIO_CLEAR4": "Contaminated Puddles",
    "WEATHER_RADIO_CLEAR5": "Volatile Winds",
    "WEATHER_RADIO_CLEAR6": "Unstable Atmosphere",
    "WEATHER_RADIO_CLEAR7": "Gamma Dust",
    "WEATHER_RADIO_CLEAR8": "Nuclidic Atmosphere",
    "WEATHER_LUSHEXTREME1": "Boiling Superstorms",
    "WEATHER_LUSHEXTREME2": "Intense Heatbursts",
    "WEATHER_LUSHEXTREME3": "Superheated Rain",
    "WEATHER_LUSHEXTREME4": "Boiling Monsoons",
    "WEATHER_LUSHEXTREME5": "Broiling Humidity",
    "WEATHER_LUSHEXTREME6": "Painfully Hot Rain",
    "WEATHER_LUSHEXTREME7": "Torrential Heat",
    "WEATHER_LUSHEXTREME8": "Blistering Floods",
    "WEATHER_LUSHEXTREME9": "Scalding Rainstorms",
    "WEATHER_LUSHEXTREME10": "Torrid Deluges",
    "WEATHER_LUSH1": "Boiling Puddles",
    "WEATHER_LUSH2": "Sweltering Damp",
    "WEATHER_LUSH3": "Superheated Drizzle",
    "WEATHER_LUSH4": "Dangerously Hot Fog",
    "WEATHER_LUSH5": "Choking Humidity",
    "WEATHER_LUSH6": "Mostly Calm",
    "WEATHER_LUSH7": "Occasional Scalding Cloudbursts",
    "WEATHER_LUSH8": "Usually Mild",
    "WEATHER_LUSH9": "Blistering Damp",
    "WEATHER_LUSH10": "Lethal Humidity Outbreaks",
    "WEATHER_LUSH_CLEAR1": "Temperate",
    "WEATHER_LUSH_CLEAR2": "Light Showers",
    "WEATHER_LUSH_CLEAR3": "Mild Rain",
    "WEATHER_LUSH_CLEAR4": "Refreshing Breeze",
    "WEATHER_LUSH_CLEAR5": "Humid",
    "WEATHER_LUSH_CLEAR6": "Pleasant",
    "WEATHER_LUSH_CLEAR7": "Balmy",
    "WEATHER_LUSH_CLEAR8": "Mellow",
    "WEATHER_LUSH_CLEAR9": "Beautiful",
    "WEATHER_LUSH_CLEAR10": "Blissful",
    "WEATHER_BARRENEXTREME1": "Billowing Dust Storms",
    "WEATHER_BARRENEXTREME2": "Choking Sandstorms",
    "WEATHER_BARRENEXTREME3": "Hazardous Temperature Extremes",
    "WEATHER_BARRENEXTREME4": "Lung-Burning Night Wind",
    "WEATHER_BARRENEXTREME5": "Extreme Wind Blasting",
    "WEATHER_BARRENEXTREME6": "Planetwide Desiccation",
    "WEATHER_BARRENEXTREME7": "Sand Blizzards",
    "WEATHER_BARRENEXTREME8": "Howling Gales",
    "WEATHER_BARRENEXTREME9": "Dead Wastes",
    "WEATHER_BARRENEXTREME10": "Blasted Atmosphere",
    "WEATHER_BARREN1": "Occasional Sandstorms",
    "WEATHER_BARREN2": "Infrequent Dust Storms",
    "WEATHER_BARREN3": "Intermittent Wind Blasting",
    "WEATHER_BARREN4": "Parched Sands",
    "WEATHER_BARREN5": "Sporadic Grit Storms",
    "WEATHER_BARREN6": "Dust-Choked Winds",
    "WEATHER_BARREN7": "Highly Variable Temperatures",
    "WEATHER_BARREN8": "Blasted Atmosphere",
    "WEATHER_BARREN9": "Freezing Night Winds",
    "WEATHER_BARREN10": "Ceaseless Drought",
    "WEATHER_BARREN_CLEAR1": "Moistureless",
    "WEATHER_BARREN_CLEAR2": "Baked",
    "WEATHER_BARREN_CLEAR3": "Sterile",
    "WEATHER_BARREN_CLEAR4": "Clear",
    "WEATHER_BARREN_CLEAR5": "Unclouded Skies",
    "WEATHER_BARREN_CLEAR6": "Dry Gusts",
    "WEATHER_BARREN_CLEAR7": "Withered",
    "WEATHER_BARREN_CLEAR8": "Icy Nights",
    "WEATHER_DEAD1": "Perfectly Clear",
    "WEATHER_DEAD2": "Absent",
    "WEATHER_DEAD3": "No Atmosphere",
    "WEATHER_DEAD4": "Utterly Still",
    "WEATHER_DEAD5": "Peaceful",
    "WEATHER_DEAD6": "Eerily Calm",
    "WEATHER_DEAD7": "Airless",
    "WEATHER_DEAD8": "Silent",
    "WEATHER_DEAD9": "Inert",
    "WEATHER_DEAD10": "Clear",
    "WEATHER_CLEAR1": "Clear",
    "WEATHER_CLEAR2": "Unclouded Skies",
    "WEATHER_CLEAR3": "Fair",
    "WEATHER_CLEAR4": "Fine",
    "WEATHER_CLEAR5": "Moderate",
    "WEATHER_CLEAR6": "Peaceful Climate",
    "WEATHER_CLEAR7": "Tempered",
    "WEATHER_CLEAR8": "Emollient",
    "WEATHER_CLEAR9": "Fine",
    "WEATHER_CLEAR10": "Moderate",
    "WEATHER_GLITCH1": "Invisible Mist",
    "WEATHER_GLITCH2": "Internal Rain",
    "WEATHER_GLITCH3": "Lost Clouds",
    "WEATHER_GLITCH4": "Crimson Heat",
    "WEATHER_GLITCH5": "Winds of Glass",
    "WEATHER_GLITCH6": "Thirsty Clouds",
    "WEATHER_GLITCH7": "Obsidian Heat",
    "WEATHER_GLITCH8": "Memories of Frost",
    "WEATHER_GLITCH9": "Haunted Frost",
    "WEATHER_GLITCH10": "Indetectable Burning",
    "WEATHER_GLITCH11": "[REDACTED]",
    "WEATHER_GLITCH12": "Anomalous",
    "WEATHER_RED1": "Burning Crimson",
    "WEATHER_RED2": "Scarlet Rain",
    "WEATHER_RED3": "Fevered Clouds",
    "WEATHER_RED4": "Carmine Winds",
    "WEATHER_RED5": "Red Mist",
    "WEATHER_RED6": "Flaming Hail",
    "WEATHER_RED7": "Vermillion Storms",
    "WEATHER_RED8": "Rain of Atlas",
    "WEATHER_RED9": "Angered Clouds",
    "WEATHER_RED10": "Blood Rain",
    "WEATHER_GREEN1": "Bilious Storms",
    "WEATHER_GREEN2": "Deadly Pressure Variations",
    "WEATHER_GREEN3": "Harsh Toxic Wind",
    "WEATHER_GREEN4": "Corrupted Blood",
    "WEATHER_GREEN5": "Infinite Toxic Mist",
    "WEATHER_GREEN6": "Echoes of Acid",
    "WEATHER_GREEN7": "Poison Cyclones",
    "WEATHER_GREEN8": "Inescapable Toxins",
    "WEATHER_GREEN9": "Clouds of Haunted Green",
    "WEATHER_GREEN10": "Invisible Jade Winds",
    "WEATHER_BLUE1": "Frozen Mists",
    "WEATHER_BLUE2": "Electric Rain",
    "WEATHER_BLUE3": "Azure Storms",
    "WEATHER_BLUE4": "Extreme Low Pressure",
    "WEATHER_BLUE5": "All-Consuming Cold",
    "WEATHER_BLUE6": "Winds from Beyond",
    "WEATHER_BLUE7": "Unfathomable Storms",
    "WEATHER_BLUE8": "Unimaginable Blue",
    "WEATHER_BLUE9": "Ultramarine Wind",
    "WEATHER_BLUE10": "Inverted Superstorms",
    "UI_PLANET_APPROACH": "Initiating Planetary Approach: %PLANET%",
    "UI_PLANET_DISCOVERY": "%SYSTEM% System | %DISCOVERER%",
    "UI_SENTINEL_WARNING_1": "WARNING <IMG>SLASH<> SUPPRESSION MEASURES TRIGGERED",
    "UI_SENTINEL_WARNING_2": "WARNING <IMG>SLASH<> SUPPRESSION LEVEL 2 : MODERATE",
    "UI_SENTINEL_WARNING_3": "WARNING <IMG>SLASH<> SUPPRESSION LEVEL 3 : URGENT",
    "UI_SENTINEL_WARNING_4": "WARNING <IMG>SLASH<> SUPPRESSION LEVEL 4 : SEVERE",
    "UI_SENTINEL_WARNING_5": "WARNING <IMG>SLASH<> SUPPRESSION LEVEL 5 : MAXIMUM",
    "UI_SENTINEL_WARNING": "WARNING <IMG>SLASH<> SENTINEL LEVEL %NUM%",
    "UI_FLORA_HEADER": "FLORA",
    "UI_FAUNA_HEADER": "FAUNA",
    "SENTINEL_MSG_TITLE": "Sentinel Forces Deployed",
    "SENTINEL_ARMOUR": "Armour Plating",
    "SENTINEL_DRONE_CORRUPTED_NAME": "Corrupted Sentinel Drone",
    "SENTINEL_BARREL": "Combat Supplies",
    "UI_BIOME_SUB": "Localised Earth Element",
    "UI_PLANET_ENTRY": "<MISSIONPRIMARY>INITIATING PLANETARY APPROACH<>",
    "UI_PLANET_DESC": "Planet <STELLAR>%NAME%<>",
    "UI_PLANET_SUB": "Entering atmosphere",
    "UI_PLANET_DEAD_SUB": "Entering gravitational range",
    "UI_SENTINEL_ARRIVE_OSD": "REINFORCEMENTS ARRIVING IN %TIME%",
    "UI_SENTINEL_HUNT_OSD": "SENTINELS SEARCHING: %TIME%",
    "UI_SENTINEL_WARNING_OSD": "WARNING <IMG>SLASH<> SENTINEL DRONES INVESTIGATING",
    "UI_SENTINEL_SPOTTED_OSD": "DETECTED!",
    "UI_FLORA_HAZARD": "Hazardous Flora",
    "UI_FLORA_HAZARD_GASBAG": "Bloated Flora",
    "UI_FLORA_HAZARD_TRAP": "Carnivorous Flora",
    "UI_FLORA_HAZARD_POD": "Gassy Pod",
    "SENTINEL_NONE1": "None",
    "SENTINEL_NONE2": "Absent",
    "SENTINEL_NONE3": "Not Present",
    "SENTINEL_NONE4": "None Present",
    "SENTINEL_NONE5": "None",
    "SENTINEL_NONE6": "Not Present",
    "SENTINEL_NONE7": "None",
    "SENTINEL_NONE8": "None",
    "SENTINEL_NONE9": "None",
    "SENTINEL_NONE10": "None",
    "SENTINEL_NONE11": "None",
    "SENTINEL_NONE12": "Missing",
    "SENTINEL_RARE1": "Low",
    "SENTINEL_RARE2": "Minimal",
    "SENTINEL_RARE3": "Low Security",
    "SENTINEL_RARE4": "Limited",
    "SENTINEL_RARE5": "Infrequent",
    "SENTINEL_RARE6": "Sparse",
    "SENTINEL_RARE7": "Isolated",
    "SENTINEL_RARE8": "Remote",
    "SENTINEL_RARE9": "Irregular Patrols",
    "SENTINEL_RARE10": "Spread Thin",
    "SENTINEL_RARE11": "Intermittent",
    "SENTINEL_RARE12": "Few",
    "SENTINEL_DEFAULT1": "Attentive",
    "SENTINEL_DEFAULT2": "Enforcing",
    "SENTINEL_DEFAULT3": "Frequent",
    "SENTINEL_DEFAULT4": "Require Orthodoxy",
    "SENTINEL_DEFAULT5": "Require Obedience",
    "SENTINEL_DEFAULT6": "Regular Patrols",
    "SENTINEL_DEFAULT7": "Frequent",
    "SENTINEL_DEFAULT8": "Unwavering",
    "SENTINEL_DEFAULT9": "Observant",
    "SENTINEL_DEFAULT10": "Ever-present",
    "SENTINEL_AGGRESSIVE1": "Aggressive",
    "SENTINEL_AGGRESSIVE2": "Frenzied",
    "SENTINEL_AGGRESSIVE3": "High Security",
    "SENTINEL_AGGRESSIVE4": "Hostile Patrols",
    "SENTINEL_AGGRESSIVE5": "Threatening",
    "SENTINEL_AGGRESSIVE6": "Hateful",
    "SENTINEL_AGGRESSIVE7": "Zealous",
    "SENTINEL_AGGRESSIVE8": "Malicious",
    "SENTINEL_AGGRESSIVE9": "Inescapable",
    "WEATHER_WARN_LAVA": "WEATHER WARNING: WALL OF FLAME DETECTED",
    "WEATHER_WARN_GRAV": "WARNING: GRAVITATIONAL ANOMALY DETECTED",
    "WEATHER_SWAMP1": "Tropical Storms",
    "WEATHER_SWAMP2": "Occasional Boiling Fog",
    "WEATHER_SWAMP3": "Superheated Mists",
    "WEATHER_SWAMP4": "Painful Mist",
    "WEATHER_SWAMP5": "Infrequent Torrents",
    "WEATHER_SWAMP6": "Oppressive",
    "WEATHER_SWAMP7": "Soggy Danger",
    "WEATHER_SWAMP8": "Sticky Heat",
    "WEATHER_SWAMP9": "Clammy Menace",
    "WEATHER_SWAMP10": "Hazardous Moisture",
    "WEATHER_SWAMP_CLEAR1": "Gentle Mist",
    "WEATHER_SWAMP_CLEAR2": "Humid",
    "WEATHER_SWAMP_CLEAR3": "Tropical Winds",
    "WEATHER_SWAMP_CLEAR4": "Warm Fog",
    "WEATHER_SWAMP_CLEAR5": "Temperate Murk",
    "WEATHER_SWAMP_CLEAR6": "Mild Damp",
    "WEATHER_SWAMP_CLEAR7": "Warm Dewdrops",
    "WEATHER_SWAMP_CLEAR8": "Tepid Damp",
    "WEATHER_SWAMP_CLEAR9": "Sweaty Drizzle",
    "WEATHER_SWAMP_CLEAR10": "Muggy Haze",
    "WEATHER_SWAMP_EXTREME1": "Death Fog",
    "WEATHER_SWAMP_EXTREME2": "Sultry Disaster",
    "WEATHER_SWAMP_EXTREME3": "Cataclysmic Monsoons",
    "WEATHER_SWAMP_EXTREME4": "Mists of Annihilation",
    "WEATHER_SWAMP_EXTREME5": "All-Consuming Fog",
    "WEATHER_SWAMP_EXTREME6": "Liquid Hell",
    "WEATHER_SWAMP_EXTREME7": "Storms of Desolation",
    "WEATHER_SWAMP_EXTREME8": "Melting Deluges",
    "WEATHER_SWAMP_EXTREME9": "Boiling Catastrophe",
    "WEATHER_SWAMP_EXTREME10": "Damp Misery",
    "WEATHER_LAVA1": "Heated Gas Pockets",
    "WEATHER_LAVA2": "Occasional Firestorms",
    "WEATHER_LAVA3": "Incendiary Winds",
    "WEATHER_LAVA4": "Unpredictable Conflagrations",
    "WEATHER_LAVA5": "Drifting Firestorms",
    "WEATHER_LAVA6": "Pillars of Flame",
    "WEATHER_LAVA7": "Magma Geysers",
    "WEATHER_LAVA8": "Plumes of Fire",
    "WEATHER_LAVA9": "Molten Rain",
    "WEATHER_LAVA10": "Tectonic Storms",
    "WEATHER_LAVA11": "Smothering Ash",
    "WEATHER_LAVA_CLEAR1": "Sulphurous Haze",
    "WEATHER_LAVA_CLEAR2": "Ash Wisps",
    "WEATHER_LAVA_CLEAR3": "Drifting Smog",
    "WEATHER_LAVA_CLEAR4": "Cinderfalls",
    "WEATHER_LAVA_CLEAR5": "Ash Plumes",
    "WEATHER_LAVA_CLEAR6": "Choking Ash",
    "WEATHER_LAVA_CLEAR7": "Burning Mists",
    "WEATHER_LAVA_CLEAR8": "Sulfur Fumes",
    "WEATHER_LAVA_CLEAR9": "Enveloping Ash",
    "WEATHER_LAVA_CLEAR10": "Ashen Winds",
    "WEATHER_LAVA_EXTREME1": "Frequent Firestorms",
    "WEATHER_LAVA_EXTREME2": "Walls of Flame",
    "WEATHER_LAVA_EXTREME3": "Clouds of Fire",
    "WEATHER_LAVA_EXTREME4": "Ashen Destruction",
    "WEATHER_LAVA_EXTREME5": "Magma Rain",
    "WEATHER_LAVA_EXTREME6": "Basalt Hail",
    "WEATHER_LAVA_EXTREME7": "Explosive Gas Eruptions",
    "WEATHER_LAVA_EXTREME8": "Lethal Ash Storms",
    "WEATHER_LAVA_EXTREME9": "Sulphurous Inferno",
    "WEATHER_LAVA_EXTREME10": "Colossal Firestorms",
    "WEATHER_LAVA_EXTREME11": "Obsidian Doom",
    "WEATHER_WATERWORLD1": "Coastal Storms",
    "SENTINEL_SUIT_NAME_L": "Exosuit",
    "SENTINEL_GUN_NAME_L": "Multi-Tool",
    "UI_SENTINEL_BLOCKED": "SENTINELS DISABLED",
    "UI_SENTINEL_HIVE_NAME": "Sentinel Pillar",
    "UI_SENTINEL_HIVE_TERMINAL_NAME": "Sentinel Pillar Access Node",
    "UI_SENTINEL_HIVE_SETUP_OPT1": "Access logs",
    "UI_SENTINEL_HIVE_SETUP_OPT2": "Shutdown Sentinel forces",
    "UI_SENTINEL_HIVE_SETUP_OPT3": "Extract weapons technology",
    "UI_SENTINEL_HIVE_SETUP_OPT4": "Log off",
    "UI_SENTINEL_HIVE_SETUP_OPT5": "Return to main controls",
    "UI_SENTINEL_HIVE_COMBAT_LANG": "<FUEL>SECURITY ALERT<>: Unauthorised Presence Detected! Auto-lockdown initiated!",
    "UI_SENTINEL_HIVE_COMBAT_OSD": "SECURITY ALERT <IMG>SLASH<> TERMINAL IN LOCKDOWN",
    "UI_SENTINEL_HIVE_VOICE_TITLE": "The Voice of the Hive",
    "UI_SENTINEL_LOOT_NAME": "SALVAGED GLASS",
    "UI_SENTINEL_LOOT_NAME_L": "Salvaged Glass",
    "UI_SENTINEL_LOOT_SUB": "Recovered Sentinel Components",
    "UI_SENTINEL_TECH_FORMAT": "%SENT_ADJ% %SENT_NOUN%",
    "UI_SENTINEL_HIVE_LOOT": "Harvestable Sentinel Technology",
    "RARITY_ROBOT1": "Synthetic",
    "SENTINEL_CORRUPT1": "Corrupted",
    "SENTINEL_CORRUPT2": "Forsaken",
    "SENTINEL_CORRUPT3": "Rebellious",
    "SENTINEL_CORRUPT4": "Answer To None",
    "SENTINEL_CORRUPT5": "Sharded from the Atlas",
    "SENTINEL_CORRUPT6": "Dissonant",
    "SENTINEL_CORRUPT7": "De-Harmonised",
    "SENTINEL_SPIDERQUAD_NAME": "Corrupted Quadruped",
    "UI_SENTINEL_CRYSTAL_NAME": "Radiant Shard",
    "UI_SENTINEL_CRASH_TITLE": "Salvage Site: Planet %PLANET%",
    "UI_SENTINEL_CRASH_SUB": "Salvage a Sentinel Interceptor",
    "UI_SENTINEL_CRASH_OBJ1": "Purge the damaged ship of Sentinel taint",
    "UI_SENTINEL_CRASH_OBJ2": "Make the ship fit for a non-Sentinel pilot",
    "UI_SENTINEL_CRASH_MARKER": "Sentinel Salvage Site",
    "UI_SENTINEL_CRASH_BRAIN_MARKER": "Ancient Site",
    "UI_SENTINEL_CRASH_BRAIN_DESC": "The ancient site stirs as I approach, stone scraping against stone. Warmth radiates from the <SPECIAL>Hyaline Brain<> within my pack, as though in response.",
    "UI_SENTINEL_CRASH_BRAIN_LANG": "The mind of the ship-child is <FUEL>interlocked<> with the <SPECIAL>hive<>.<NEWLINE>Current instructions: seek and eliminate anomalies.<NEWLINE>Enmesh archival sentience with surrogate entity?",
    "UI_SENTINEL_CRASH_BRAIN_OPT": "Present brain",
    "UI_SENTINEL_DISTRESS_TITLE": "Distressed Sentinel Interceptor",
    "UI_SENTINEL_DISTRESS_SUB": "Investigate the Malfunctioning Ship",
    "UI_SENTINEL_DISTRESS_OSD": "Ship Signature Recorded <IMG>SLASH<> Signal Traced",
    "UI_SENTINEL_DISTRESS_OSD_MAP": "Ship Signature Recorded <IMG>SLASH<> Warp Path Traced",
    "UI_SENTINEL_DISTRESS_OBJ": "Follow the signal to its source",
    "UI_SENTINEL_DISTRESS_DISC_OSD": "Sentinel Interceptor Crash Located!",
    "UI_SENTINEL_GALMAP_TITLE": "Sentinel Interceptor Trace",
    "UI_SENTINEL_GALMAP_SUB": "Track the lost starship",
    "UI_SENTINEL_GALMAP_OBJ": "Follow the signal to its source",
    "WEATHER_GASGIANT1": "Gas Storms",
    "WEATHER_GASGIANT2": "Eternal Cyclones",
    "WEATHER_GASGIANT3": "Planet-Wide Maelstrom",
    "WEATHER_GASGIANT4": "Constant Pressure Storms"
  }
}